"name","phone"
"BlueWave Pools","(480) 397-0314"
"Wheeler Glass","(480) 497-9400"
"West Coast Painting and Construction","(480) 827-2151"
"AES Home Improvements","(480) 442-5775"
"All Valley Custom Roofing","(480) 733-4346"
"Convenient Home Services","(480) 331-2948"
"Dakota Home Improvement Professionals","(480) 316-0899"
"HD Restoration","(480) 993-8286"
"Specialized Services Company","(602) 726-1377"
"Glendale Roofing & Construction LLC","(623) 201-8803"
"A+ Handyman I Am Home Repair LLC","(602) 726-4719"
"Strahl Custom Renovations","(623) 772-8802"
"Lee's Counter Tapps Tops LLC","(623) 227-0091"
"Albatros Flooring LLC","(480) 217-3137"
"Property Pros Improvements","(480) 770-5681"
"Viking Heating and Air Conditioning","(480) 648-1939"
"Tempe Abrasives","(602) 467-3825"
"Advanced GPR","(480) 500-9704"
"Cutting Edge Curbing","(602) 353-1020"
"Desert Foothills Air Conditioning","(480) 770-5358"
"BWC Woodruff Construction","(480) 921-1925"
"A-1 Materials","(602) 456-9948"
"A & A Materials","(480) 565-4436"
"All Around Home Services","(480) 510-0836"
"Tactical Restoration","(480) 773-7685"
"Holmes Construction Inc.","(480) 488-5995"
"Safe T Restoration","(480) 966-0559"
"Safe T Construction","(480) 966-7233"
"Smart Concepts Remodeling","(623) 206-4809"
"Arcis Builders","(480) 969-5592"
"",""
"",""
"",""
"MTV General Contractors","(480) 962-4007"
"B.Ann Builders LLC","(602) 920-1614"
"Epic Builders","(480) 330-9657"
"Delaney & Brown","(480) 507-7995"
"Sun West Builders","(480) 558-7176"
"Builders Guild Inc","(480) 833-0404"
"Theme Built","(480) 969-1812"
"Emerald Inc","(602) 628-6499"
"Trow Tiere Precision Construction","(480) 834-5717"
"The Blue Book of Bldg & Const","(480) 834-9181"
"Capstone Custom Builders","(602) 882-3600"
"Irontree Construction Inc","(480) 969-9966"
"Newtech Installation USA","(480) 621-6247"
"Charles Conaway Plbg Repair","(480) 833-5663"
"Brenner Construction Inc","(480) 478-0754"
"Weston Homes Development","(480) 232-8793"
"Orona General Contractors","(480) 969-2377"
"Sundance Framing Inc","(480) 832-6696"
"Hubby For Hire","(480) 962-6130"
"Ace General Contracting, LLC","(623) 295-9015"
"Willmeng Construction Co","(480) 968-2742"
"CTI Contractors","(480) 525-9972"
"Camerucci Montenegro","(480) 447-2411"
"Knc Contracting","(480) 461-3205"
"Constructors Bonding Inc","(480) 968-0100"
"The Home Improvement Club","(480) 454-3959"
"Eagle Eye Builders","(480) 926-1662"
"Professional Enterprises","(602) 309-6640"
"Suncraft","(480) 396-5060"
"Bruce Gardner Co","(480) 807-6365"