"name","phone"
"Viking Heating and Air Conditioning","(480) 648-1939"
"BlueWave Pools","(480) 397-0314"
"Specialized Services Company","(602) 726-1377"
"Glendale Roofing & Construction LLC","(623) 201-8803"
"Wheeler Glass","(480) 497-9400"
"A+ Handyman I Am Home Repair LLC","(602) 726-4719"
"Strahl Custom Renovations","(623) 772-8802"
"Lee's Counter Tapps Tops LLC","(623) 227-0091"
"West Coast Painting and Construction","(480) 827-2151"
"Albatros Flooring LLC","(480) 217-3137"
"All Valley Custom Roofing","(480) 733-4346"
"AES Home Improvements","(480) 442-5775"
"Property Pros Improvements","(480) 770-5681"
"Tempe Abrasives","(602) 467-3825"
"Convenient Home Services","(480) 331-2948"
"Advanced GPR","(480) 500-9704"
"Cutting Edge Curbing","(602) 353-1020"
"Desert Foothills Air Conditioning","(480) 770-5358"
"BWC Woodruff Construction","(480) 921-1925"
"A-1 Materials","(602) 456-9948"
"A & A Materials","(480) 565-4436"
"All Around Home Services","(480) 510-0836"
"Tactical Restoration","(480) 773-7685"
"HD Restoration","(480) 993-8286"
"Dakota Home Improvement Professionals","(480) 316-0899"
"Holmes Construction Inc.","(480) 488-5995"
"Smart Concepts Remodeling","(623) 206-4809"
"Safe T Restoration","(480) 966-0559"
"Safe T Construction","(480) 966-7233"
"Mortenson Construction","(480) 839-5944"
"",""
"",""
"",""
"Arizona Boiler Inspectors","(602) 999-6949"
"Greco Roman Construction and Design","(480) 504-5400"
"D E Hall & Associates Inc","(480) 732-0003"
"L G L Construction LLC","(480) 352-0299"
"Kovach Inc","(480) 926-9292"
"Brycon","(480) 785-9911"
"Heritage Construction Specialists","(480) 785-5959"
"South Bay EDC, Inc","(480) 821-2630"
"M J Builders","(602) 413-6651"
"Jb Henderson Construction Inc","(480) 444-7401"
"Absolute Contracting","(480) 963-3886"
"Green Solutions AZ Inc","(602) 574-6151"
"Bleuwave HVAC","(480) 863-5855"
"Central Construction Co","(480) 963-6343"
"Gen Systems Inc","(480) 820-9907"
"Monza Construction","(480) 425-8200"
"Gray Beards Construction","(480) 556-1136"
"Bronson Construction","(480) 895-5622"
"Built-Rite Contracting","(480) 802-8944"
"Bmwc Constructors Inc","(480) 503-2150"
"Henes Construction","(480) 827-0327"
"TSR Inc","(480) 598-7722"
"Erickson Construction","(480) 627-1100"
"Extreme Construction","(480) 984-2838"
"M Squared Construction","(602) 524-4717"
"Tahomerelief","(480) 818-0005"
"Built Rite Contracting","(480) 802-8944"
"Arizona Elite Restoration Service","(480) 510-0180"
"Sierra Building Systems","(480) 722-9503"
"Tri-Lite Builders","(480) 895-3442"